Word_0,Word_1,Word_2,Word_3,Word_4
text,html,javascript,script,input
xml,php,document,tag,order
tool,command,line,code,pattern
language,question,answer,example,really
file,directory,way,header,excel
number,size,performance,field,datum
string,null,value,expression,email
database,search,index,sql,task
error,type,name,line,date
windows,service,machine,linux,address
page,form,url,browser,site
table,sql,column,query,row
server,web,client,request,service
difference,style,module,perl,child
test,unit,testing,window,word
project,build,studio,version,library
java,application,bit,api,developer
program,thread,application,view,message
net,user,asp,application,session
function,value,return,int,code
image,item,character,byte,format
time,process,event,memory,way
class,object,method,static,methods
path,svn,eclipse,change,folder
list,python,exception,way,group
